<?xml version="1.0" encoding="UTF-8"?>
<beans xmlns="http://www.springframework.org/schema/beans"
       xmlns:xsi="http://www.w3.org/2001/XMLSchema-instance"
       xmlns:context="http://www.springframework.org/schema/context"
       xmlns:mvc="http://www.springframework.org/schema/mvc"
       xsi:schemaLocation="http://www.springframework.org/schema/beans http://www.springframework.org/schema/beans/spring-beans.xsd http://www.springframework.org/schema/context http://www.springframework.org/schema/context/spring-context.xsd http://www.springframework.org/schema/mvc http://www.springframework.org/schema/mvc/spring-mvc.xsd">

    <!--    上下文相关的注解会交给spring自动管理-->
    <context:annotation-config/>

    <!-- 启动注解驱动的spring mvc 功能 -->
    <mvc:annotation-driven/>

    <!-- 启动包扫描功能 -->
    <context:component-scan base-package="com.lb.controller"/>
    <context:component-scan base-package="com.lb.service"/>

<!--    <bean class="org.springframework.web.servlet.mvc.method.annotation.RequestMappingHandlerMapping"/>-->

    <bean class="org.springframework.web.servlet.view.BeanNameViewResolver"/>

    <bean id="jsonView" class="org.springframework.web.servlet.view.json.MappingJackson2JsonView"/>

    <bean class="org.springframework.web.servlet.view.InternalResourceViewResolver">
        <!--前缀,文件所在路径从哪里开始-->
        <property name="prefix" value="/WEB-INF/views/"/>
        <!--后缀,文件后缀-->
        <property name="suffix" value=".jsp"/>
    </bean>

</beans>