<?xml version="1.0" encoding="UTF-8"?>
<beans xmlns="http://www.springframework.org/schema/beans"
       xmlns:xsi="http://www.w3.org/2001/XMLSchema-instance"
       xmlns:context="http://www.springframework.org/schema/context"
       xmlns:util="http://www.springframework.org/schema/util"
       xsi:schemaLocation="http://www.springframework.org/schema/beans http://www.springframework.org/schema/beans/spring-beans.xsd http://www.springframework.org/schema/context http://www.springframework.org/schema/context/spring-context.xsd http://www.springframework.org/schema/util http://www.springframework.org/schema/util/spring-util.xsd">

    <bean id="shiroFilter" class="org.apache.shiro.spring.web.ShiroFilterFactoryBean">
        <property name="securityManager" ref="securityManager"/>
        <property name="loginUrl" value="login.html"/>
        <property name="unauthorizedUrl" value="403.html"/>
        <property name="filterChainDefinitions">
            <value>
                /login.html = anon
                /subLogin = anon
                /* = authc
            </value>
        </property>
    </bean>


    <bean id="securityManager" class="org.apache.shiro.web.mgt.DefaultWebSecurityManager">
        <!-- 创建 SecurityManager 对象 -->
        <property name="realm" ref="realm"/>
    </bean>

    <bean id="realm" class="com.lb.shiro.realm.CustomRealm">
        <property name="credentialsMatcher" ref="credentialsMatcher"/>
    </bean>

    <bean id="credentialsMatcher" class="org.apache.shiro.authc.credential.HashedCredentialsMatcher">
        <property name="hashAlgorithmName" value="md5"/>
        <property name="hashIterations" value="1"/>
    </bean>


</beans>