<?xml version="1.0" encoding="UTF-8"?>
<!DOCTYPE generatorConfiguration PUBLIC "-//mybatis.org//DTD MyBatis Generator Configuration 1.0//EN" "http://mybatis.org/dtd/mybatis-generator-config_1_0.dtd">
<generatorConfiguration>
	<!-- 数据库驱动包位置 -->
	<classPathEntry location="D:\study\apacheshiro_project\power\generator\mysql-connector-java-8.0.19.jar" /> <!-- 1 -->
	<context id="DB2Tables" targetRuntime="MyBatis3">
		<commentGenerator>
			<property name="suppressAllComments" value="true" />
		</commentGenerator>
		<!-- 数据库链接URL、用户名、密码 -->
		<jdbcConnection driverClass="com.mysql.jdbc.Driver" connectionURL="jdbc:mysql://localhost:3306/test1?serverTimezone=UTC" userId="root" password="123456">  <!-- 2 -->
		</jdbcConnection>
		<javaTypeResolver>
			<property name="forceBigDecimals" value="false" />
		</javaTypeResolver>
		<!-- 生成模型的包名和位置 --> <!-- 3 -->
		<javaModelGenerator targetPackage="com.lb.model" targetProject="D:\study\apacheshiro_project\power\generator\src">
			<property name="enableSubPackages" value="true" />
			<property name="trimStrings" value="true" />
		</javaModelGenerator>
		<!-- 生成的映射文件包名和位置 --> <!-- 4 -->
		<sqlMapGenerator targetPackage="com.lb.mapper" targetProject="D:\study\apacheshiro_project\power\generator\src">
			<property name="enableSubPackages" value="true" />
		</sqlMapGenerator>
		<!-- 生成DAO的包名和位置 --> <!-- 5 -->
		<javaClientGenerator type="XMLMAPPER" targetPackage="com.lb.dao" targetProject="D:\study\apacheshiro_project\power\generator\src">
			<property name="enableSubPackages" value="true" />
		</javaClientGenerator>
		<!-- 要生成那些表(更改tableName和domainObjectName就可以) --><!-- 6 -->
		<table tableName="sys_user" domainObjectName="SysUser" enableCountByExample="false" enableUpdateByExample="false" enableDeleteByExample="false" enableSelectByExample="false" selectByExampleQueryId="false" />
		<table tableName="sys_dept" domainObjectName="SysDept" enableCountByExample="false" enableUpdateByExample="false" enableDeleteByExample="false" enableSelectByExample="false" selectByExampleQueryId="false" />
		<table tableName="sys_acl" domainObjectName="SysAcl" enableCountByExample="false" enableUpdateByExample="false" enableDeleteByExample="false" enableSelectByExample="false" selectByExampleQueryId="false" />
		<table tableName="sys_acl_module" domainObjectName="SysAclModule" enableCountByExample="false" enableUpdateByExample="false" enableDeleteByExample="false" enableSelectByExample="false" selectByExampleQueryId="false" />
		<table tableName="sys_role" domainObjectName="SysRole" enableCountByExample="false" enableUpdateByExample="false" enableDeleteByExample="false" enableSelectByExample="false" selectByExampleQueryId="false" />
		<table tableName="sys_role_acl" domainObjectName="SysRoleAcl" enableCountByExample="false" enableUpdateByExample="false" enableDeleteByExample="false" enableSelectByExample="false" selectByExampleQueryId="false" />
		<table tableName="sys_role_user" domainObjectName="SysRoleUser" enableCountByExample="false" enableUpdateByExample="false" enableDeleteByExample="false" enableSelectByExample="false" selectByExampleQueryId="false" />
		<table tableName="sys_log" domainObjectName="SysLog" enableCountByExample="false" enableUpdateByExample="false" enableDeleteByExample="false" enableSelectByExample="false" selectByExampleQueryId="false" />
	</context>
</generatorConfiguration>