<?xml version="1.0" encoding="UTF-8" ?>
<!DOCTYPE mapper PUBLIC "-//mybatis.org//DTD Mapper 3.0//EN" "http://mybatis.org/dtd/mybatis-3-mapper.dtd" >
<mapper namespace="com.lb.dao.SysUserMapper" >
  <resultMap id="BaseResultMap" type="com.lb.model.SysUser" >
    <id column="id" property="id" jdbcType="INTEGER" />
    <result column="username" property="username" jdbcType="VARCHAR" />
    <result column="telephone" property="telephone" jdbcType="VARCHAR" />
    <result column="mail" property="mail" jdbcType="VARCHAR" />
    <result column="password" property="password" jdbcType="VARCHAR" />
    <result column="dept_id" property="deptId" jdbcType="INTEGER" />
    <result column="status" property="status" jdbcType="INTEGER" />
    <result column="remark" property="remark" jdbcType="VARCHAR" />
    <result column="operator" property="operator" jdbcType="VARCHAR" />
    <result column="operate_time" property="operateTime" jdbcType="TIMESTAMP" />
    <result column="operate_ip" property="operateIp" jdbcType="VARCHAR" />
  </resultMap>
  <sql id="Base_Column_List" >
    id, username, telephone, mail, password, dept_id, status, remark, operator, operate_time, 
    operate_ip
  </sql>
  <select id="selectByPrimaryKey" resultMap="BaseResultMap" parameterType="java.lang.Integer" >
    select 
    <include refid="Base_Column_List" />
    from sys_user
    where id = #{id,jdbcType=INTEGER}
  </select>
  <delete id="deleteByPrimaryKey" parameterType="java.lang.Integer" >
    delete from sys_user
    where id = #{id,jdbcType=INTEGER}
  </delete>
  <insert id="insert" parameterType="com.lb.model.SysUser" >
    insert into sys_user (id, username, telephone, 
      mail, password, dept_id, 
      status, remark, operator, 
      operate_time, operate_ip)
    values (#{id,jdbcType=INTEGER}, #{username,jdbcType=VARCHAR}, #{telephone,jdbcType=VARCHAR}, 
      #{mail,jdbcType=VARCHAR}, #{password,jdbcType=VARCHAR}, #{deptId,jdbcType=INTEGER}, 
      #{status,jdbcType=INTEGER}, #{remark,jdbcType=VARCHAR}, #{operator,jdbcType=VARCHAR}, 
      #{operateTime,jdbcType=TIMESTAMP}, #{operateIp,jdbcType=VARCHAR})
  </insert>
  <insert id="insertSelective" parameterType="com.lb.model.SysUser" >
    insert into sys_user
    <trim prefix="(" suffix=")" suffixOverrides="," >
      <if test="id != null" >
        id,
      </if>
      <if test="username != null" >
        username,
      </if>
      <if test="telephone != null" >
        telephone,
      </if>
      <if test="mail != null" >
        mail,
      </if>
      <if test="password != null" >
        password,
      </if>
      <if test="deptId != null" >
        dept_id,
      </if>
      <if test="status != null" >
        status,
      </if>
      <if test="remark != null" >
        remark,
      </if>
      <if test="operator != null" >
        operator,
      </if>
      <if test="operateTime != null" >
        operate_time,
      </if>
      <if test="operateIp != null" >
        operate_ip,
      </if>
    </trim>
    <trim prefix="values (" suffix=")" suffixOverrides="," >
      <if test="id != null" >
        #{id,jdbcType=INTEGER},
      </if>
      <if test="username != null" >
        #{username,jdbcType=VARCHAR},
      </if>
      <if test="telephone != null" >
        #{telephone,jdbcType=VARCHAR},
      </if>
      <if test="mail != null" >
        #{mail,jdbcType=VARCHAR},
      </if>
      <if test="password != null" >
        #{password,jdbcType=VARCHAR},
      </if>
      <if test="deptId != null" >
        #{deptId,jdbcType=INTEGER},
      </if>
      <if test="status != null" >
        #{status,jdbcType=INTEGER},
      </if>
      <if test="remark != null" >
        #{remark,jdbcType=VARCHAR},
      </if>
      <if test="operator != null" >
        #{operator,jdbcType=VARCHAR},
      </if>
      <if test="operateTime != null" >
        #{operateTime,jdbcType=TIMESTAMP},
      </if>
      <if test="operateIp != null" >
        #{operateIp,jdbcType=VARCHAR},
      </if>
    </trim>
  </insert>
  <update id="updateByPrimaryKeySelective" parameterType="com.lb.model.SysUser" >
    update sys_user
    <set >
      <if test="username != null" >
        username = #{username,jdbcType=VARCHAR},
      </if>
      <if test="telephone != null" >
        telephone = #{telephone,jdbcType=VARCHAR},
      </if>
      <if test="mail != null" >
        mail = #{mail,jdbcType=VARCHAR},
      </if>
      <if test="password != null" >
        password = #{password,jdbcType=VARCHAR},
      </if>
      <if test="deptId != null" >
        dept_id = #{deptId,jdbcType=INTEGER},
      </if>
      <if test="status != null" >
        status = #{status,jdbcType=INTEGER},
      </if>
      <if test="remark != null" >
        remark = #{remark,jdbcType=VARCHAR},
      </if>
      <if test="operator != null" >
        operator = #{operator,jdbcType=VARCHAR},
      </if>
      <if test="operateTime != null" >
        operate_time = #{operateTime,jdbcType=TIMESTAMP},
      </if>
      <if test="operateIp != null" >
        operate_ip = #{operateIp,jdbcType=VARCHAR},
      </if>
    </set>
    where id = #{id,jdbcType=INTEGER}
  </update>
  <update id="updateByPrimaryKey" parameterType="com.lb.model.SysUser" >
    update sys_user
    set username = #{username,jdbcType=VARCHAR},
      telephone = #{telephone,jdbcType=VARCHAR},
      mail = #{mail,jdbcType=VARCHAR},
      password = #{password,jdbcType=VARCHAR},
      dept_id = #{deptId,jdbcType=INTEGER},
      status = #{status,jdbcType=INTEGER},
      remark = #{remark,jdbcType=VARCHAR},
      operator = #{operator,jdbcType=VARCHAR},
      operate_time = #{operateTime,jdbcType=TIMESTAMP},
      operate_ip = #{operateIp,jdbcType=VARCHAR}
    where id = #{id,jdbcType=INTEGER}
  </update>
</mapper>