<?xml version="1.0" encoding="UTF-8"?>
<!DOCTYPE configuration
        PUBLIC "-//mybatis.org//DTD Config 3.0//EN"
        "http://mybatis.org/dtd/mybatis-3-config.dtd">
<configuration>

    <settings>
        <setting name="safeRowBoundsEnabled" value="true"/>
        <setting name="cacheEnabled" value="false" />
        <setting name="useGeneratedKeys" value="true" />
    </settings>

    <!--<typeAliases>-->
    <!---->
    <!--</typeAliases>-->

    <!--<plugins>-->
    <!--<plugin interceptor=""></plugin>-->
    <!--</plugins>-->

    <!--<typeHandlers>-->
    <!---->
    <!--</typeHandlers>-->

</configuration>